sample-id	alias	batch	time_point	env_biome	env_feature	env_material	geo_loc_name
SRR1930853	B2-DR	B2	DR	anthropogenic environmental material	fermentation	fermentation mash	USA
SRR1930852	B2-45	B2	45	anthropogenic environmental material	fermentation	fermentation mash	USA
SRR1930850	B2-10	B2	10	anthropogenic environmental material	fermentation	fermentation mash	USA
SRR1930851	B2-25	B2	25	anthropogenic environmental material	fermentation	fermentation mash	USA
SRR1930849	B2-PS	B2	PS	anthropogenic environmental material	fermentation	fermentation mash	USA
SRR1930848	B1-DR	B1	DR	anthropogenic environmental material	fermentation	fermentation mash	USA
SRR1930876	D12-20	D12	20	anthropogenic environmental material	fermentation	fermentation mash	USA
SRR1930881	D13-20	D13	20	anthropogenic environmental material	fermentation	fermentation mash	USA
SRR1930898	E5-DR	E5	DR	anthropogenic environmental material	fermentation	fermentation mash	USA
SRR1930897	E5-45	E5	45	anthropogenic environmental material	fermentation	fermentation mash	USA
SRR1930895	E5-5	E5	5	anthropogenic environmental material	fermentation	fermentation mash	USA
SRR1930896	E5-25	E5	25	anthropogenic environmental material	fermentation	fermentation mash	USA
SRR1930893	E3-DR	E3	DR	anthropogenic environmental material	fermentation	fermentation mash	USA
SRR1930892	E3-45	E3	45	anthropogenic environmental material	fermentation	fermentation mash	USA
SRR1930891	E3-25	E3	25	anthropogenic environmental material	fermentation	fermentation mash	USA
SRR1930890	E3-5	E3	5	anthropogenic environmental material	fermentation	fermentation mash	USA
SRR1930889	E3-PS	E3	PS	anthropogenic environmental material	fermentation	fermentation mash	USA
SRR1930894	E5-PS	E5	PS	anthropogenic environmental material	fermentation	fermentation mash	USA
SRR1930888	E2-DR	E2	DR	anthropogenic environmental material	fermentation	fermentation mash	USA
SRR1930887	E2-45	E2	45	anthropogenic environmental material	fermentation	fermentation mash	USA
SRR1930885	E2-5	E2	5	anthropogenic environmental material	fermentation	fermentation mash	USA
SRR1930884	E2-PS	E2	PS	anthropogenic environmental material	fermentation	fermentation mash	USA
SRR1930886	E2-25	E2	25	anthropogenic environmental material	fermentation	fermentation mash	USA
SRR1930883	D13-64	D13	64	anthropogenic environmental material	fermentation	fermentation mash	USA
SRR1930880	D13-6	D13	6	anthropogenic environmental material	fermentation	fermentation mash	USA
SRR1930882	D13-40	D13	40	anthropogenic environmental material	fermentation	fermentation mash	USA
SRR1930879	D13-PS	D13	PS	anthropogenic environmental material	fermentation	fermentation mash	USA
SRR1930878	D12-64	D12	64	anthropogenic environmental material	fermentation	fermentation mash	USA
SRR1930877	D12-40	D12	40	anthropogenic environmental material	fermentation	fermentation mash	USA
SRR1930874	D12-PS	D12	PS	anthropogenic environmental material	fermentation	fermentation mash	USA
SRR1930875	D12-6	D12	6	anthropogenic environmental material	fermentation	fermentation mash	USA
SRR1930872	D11-40	D11	40	anthropogenic environmental material	fermentation	fermentation mash	USA
SRR1930873	D11-64	D11	64	anthropogenic environmental material	fermentation	fermentation mash	USA
SRR1930871	D11-20	D11	20	anthropogenic environmental material	fermentation	fermentation mash	USA
SRR1930870	D11-6	D11	6	anthropogenic environmental material	fermentation	fermentation mash	USA
SRR1930868	C3-DR	C3	DR	anthropogenic environmental material	fermentation	fermentation mash	USA
SRR1930869	D11-PS	D11	PS	anthropogenic environmental material	fermentation	fermentation mash	USA
SRR1930867	C3-39	C3	39	anthropogenic environmental material	fermentation	fermentation mash	USA
SRR1930866	C3-25	C3	25	anthropogenic environmental material	fermentation	fermentation mash	USA
SRR1930865	C3-6	C3	6	anthropogenic environmental material	fermentation	fermentation mash	USA
SRR1930864	C3-PS	C3	PS	anthropogenic environmental material	fermentation	fermentation mash	USA
SRR1930863	C1-DR	C1	DR	anthropogenic environmental material	fermentation	fermentation mash	USA
SRR1930862	C1-39	C1	39	anthropogenic environmental material	fermentation	fermentation mash	USA
SRR1930861	C1-25	C1	25	anthropogenic environmental material	fermentation	fermentation mash	USA
SRR1930860	C1-6	C1	6	anthropogenic environmental material	fermentation	fermentation mash	USA
SRR1930859	C1-PS	C1	PS	anthropogenic environmental material	fermentation	fermentation mash	USA
SRR1930858	B3-DR	B3	DR	anthropogenic environmental material	fermentation	fermentation mash	USA
SRR1930857	B3-45	B3	45	anthropogenic environmental material	fermentation	fermentation mash	USA
SRR1930856	B3-25	B3	25	anthropogenic environmental material	fermentation	fermentation mash	USA
SRR1930855	B3-10	B3	10	anthropogenic environmental material	fermentation	fermentation mash	USA
SRR1930854	B3-PS	B3	PS	anthropogenic environmental material	fermentation	fermentation mash	USA
SRR1930847	B1-45	B1	45	anthropogenic environmental material	fermentation	fermentation mash	USA
SRR1930846	B1-25	B1	25	anthropogenic environmental material	fermentation	fermentation mash	USA
SRR1930844	B1-PS	B1	PS	anthropogenic environmental material	fermentation	fermentation mash	USA
SRR1930845	B1-10	B1	10	anthropogenic environmental material	fermentation	fermentation mash	USA
SRR1930843	A42-DR	A42	DR	anthropogenic environmental material	fermentation	fermentation mash	USA
SRR1930841	A42-18	A42	18	anthropogenic environmental material	fermentation	fermentation mash	USA
SRR1930842	A42-39	A42	39	anthropogenic environmental material	fermentation	fermentation mash	USA
SRR1930840	A42-10	A42	10	anthropogenic environmental material	fermentation	fermentation mash	USA
SRR1930839	A42-PS	A42	PS	anthropogenic environmental material	fermentation	fermentation mash	USA
SRR1930837	A41-39	A41	39	anthropogenic environmental material	fermentation	fermentation mash	USA
SRR1930838	A41-DR	A41	DR	anthropogenic environmental material	fermentation	fermentation mash	USA
SRR1930836	A41-18	A41	18	anthropogenic environmental material	fermentation	fermentation mash	USA
SRR1930835	A41-10	A41	10	anthropogenic environmental material	fermentation	fermentation mash	USA
SRR1930834	A41-PS	A41	PS	anthropogenic environmental material	fermentation	fermentation mash	USA
SRR1930833	A32-DR	A32	DR	anthropogenic environmental material	fermentation	fermentation mash	USA
SRR1930832	A32-39	A32	39	anthropogenic environmental material	fermentation	fermentation mash	USA
SRR1930830	A32-10	A32	10	anthropogenic environmental material	fermentation	fermentation mash	USA
SRR1930828	A31-DR	A31	DR	anthropogenic environmental material	fermentation	fermentation mash	USA
SRR1930829	A32-PS	A32	PS	anthropogenic environmental material	fermentation	fermentation mash	USA
SRR1930826	A31-18	A31	18	anthropogenic environmental material	fermentation	fermentation mash	USA
SRR1930831	A32-18	A32	18	anthropogenic environmental material	fermentation	fermentation mash	USA
SRR1930827	A31-39	A31	39	anthropogenic environmental material	fermentation	fermentation mash	USA
SRR1930825	A31-10	A31	10	anthropogenic environmental material	fermentation	fermentation mash	USA
SRR1930824	A31-PS	A31	PS	anthropogenic environmental material	fermentation	fermentation mash	USA
SRR1930823	A22-DR	A22	DR	anthropogenic environmental material	fermentation	fermentation mash	USA
SRR1930821	A22-18	A22	18	anthropogenic environmental material	fermentation	fermentation mash	USA
SRR1930820	A22-10	A22	10	anthropogenic environmental material	fermentation	fermentation mash	USA
SRR1930819	A22-PS	A22	PS	anthropogenic environmental material	fermentation	fermentation mash	USA
SRR1930822	A22-39	A22	39	anthropogenic environmental material	fermentation	fermentation mash	USA
SRR1930818	A21-DR	A21	DR	anthropogenic environmental material	fermentation	fermentation mash	USA
SRR1930817	A21-39	A21	39	anthropogenic environmental material	fermentation	fermentation mash	USA
SRR1930816	A21-18	A21	18	anthropogenic environmental material	fermentation	fermentation mash	USA
SRR1930815	A21-10	A21	10	anthropogenic environmental material	fermentation	fermentation mash	USA
SRR1930814	A21-PS	A21	PS	anthropogenic environmental material	fermentation	fermentation mash	USA
SRR1930813	A12-DR	A12	DR	anthropogenic environmental material	fermentation	fermentation mash	USA
SRR1930812	A12-39	A12	39	anthropogenic environmental material	fermentation	fermentation mash	USA
SRR1930811	A12-18	A12	18	anthropogenic environmental material	fermentation	fermentation mash	USA
SRR1930809	A12-PS	A12	PS	anthropogenic environmental material	fermentation	fermentation mash	USA
SRR1930810	A12-10	A12	10	anthropogenic environmental material	fermentation	fermentation mash	USA
SRR1930808	A11-DR	A11	DR	anthropogenic environmental material	fermentation	fermentation mash	USA
SRR1930806	A11-18	A11	18	anthropogenic environmental material	fermentation	fermentation mash	USA
SRR1930805	A11-10	A11	10	anthropogenic environmental material	fermentation	fermentation mash	USA
SRR1930807	A11-39	A11	39	anthropogenic environmental material	fermentation	fermentation mash	USA
SRR1930804	A11-PS	A11	PS	anthropogenic environmental material	fermentation	fermentation mash	USA
