cell_id	n_reps	c_mean	c_min	c_max	shift_ln_mean	shift_log2_mean
spike_r100_f15	100	1.00903128951996	0.95142240647513	1.08248963873711	0.00875851802747037	0.0126358705237681
spike_r100_f3	150	1.07345725377223	0.930964415030548	1.41103046413067	0.0682627797782601	0.0984823738633913
spike_r100_f3_d2500	100	1.05560147709268	0.950240753390504	1.1972185889349	0.0536766660804452	0.0774390599657111
spike_r100_f3_d40000	100	1.06832477977222	0.983968522541399	1.33113428007961	0.0645635172499177	0.0931454661588053
spike_r100_f3_da20	100	1.14049223219036	0.966041327459595	1.50112139571843	0.127644022914757	0.184151398858237
spike_r100_f3_da5	100	1.03364824910672	0.90042375102367	1.30465824388055	0.0323224547515965	0.0466314451794862
spike_r100_f5	100	1.125582942556	0.975106135127247	1.64960961573769	0.116183535117288	0.16761740994666
spike_r10_f3	150	1.06285859787691	0.907757877651872	1.34526037169572	0.0591943167139161	0.0853993471719775
spike_r1_f3	150	1.07156380546853	0.953870028524744	1.3453450414812	0.0668808792582015	0.0964887128361009
