method	condition	n_fits	sec_median	sec_mean	sec_total
ancombc2	boots	30000	13.046	13.1619373	394858.119
ancombc2	rarefied	2100	27.5905	28.6459371428571	60156.4680000001
ancombc2	raw	2100	39.0705	39.596800952381	83153.2819999999
maaslin3	boots	30000	6.537	7.09173853333333	212752.155999999
maaslin3	rarefied	2100	6.2765	7.09947238095238	14908.892
maaslin3	raw	2100	8.193	9.01395333333333	18929.302
wilcoxon	boots	30000	0.124	0.1270303	3810.90899999995
wilcoxon	rarefied	2100	0.167	0.16996619047619	356.928999999999
wilcoxon	raw	2100	0.541	0.550239523809524	1155.503
