,mean,sd,min,max,n_iterations,cv_percent,range,range_percent
SRR1930804,1.7734229213604131,0.007491481125090167,1.7517885604157253,1.7930233700747231,100,0.42243060213428196,0.04123480965899784,2.32515375561776
SRR1930805,2.2888254650401136,0.008071629545159435,2.263912036758852,2.3048886495307745,100,0.35265378109632195,0.04097661277192266,1.790289971769626
SRR1930806,1.503662189189078,0.009702881802680882,1.4802154905312583,1.5252460752022674,100,0.6452833536975234,0.045030584671009066,2.994727472351617
SRR1930807,2.2052166497324297,0.007145134282187891,2.190068211585913,2.222316868396353,100,0.3240105357927008,0.03224865681043987,1.4623804338840252
SRR1930808,2.2549458732246723,0.007605124722032292,2.2385871582679755,2.280059984169068,100,0.3372641805879193,0.04147282590109258,1.8391938535440147
SRR1930809,1.8490796225195436,0.011371358548250339,1.8185689284094604,1.8826946020981208,100,0.61497398001476,0.0641256736886604,3.467977955502164
SRR1930810,1.9307406770053073,0.007009770082791516,1.917259930781296,1.950048610972396,100,0.36306119026114286,0.03278868019109993,1.6982436109419474
SRR1930811,2.190684303789464,0.010503497265513096,2.171088781754968,2.22182862959035,100,0.47946193102055185,0.05073984783538199,2.3161643029811176
SRR1930812,1.99023230794226,0.008742620420933392,1.9691720107431452,2.010045512819697,100,0.4392763792470316,0.040873502076551604,2.0537050832428463
SRR1930813,2.0363047654324027,0.01007280947058016,2.005043248931449,2.0611740088917383,100,0.4946611942167327,0.05613075996028938,2.7565009380297845
SRR1930814,1.999998657324592,0.0021304868359167724,1.9935456139661585,2.0048216255923137,100,0.10652441330969369,0.011276011626155213,0.5638009598086026
SRR1930815,2.251121544827677,0.009673515879154566,2.227404503065802,2.275409278260613,100,0.42971983904561095,0.04800477519481117,2.13248259762384
SRR1930816,1.8647038628915258,0.00859775220708723,1.8466657503210648,1.888754563311968,100,0.4610786934154263,0.04208881299090317,2.257131216837704
SRR1930817,1.837315273312359,0.010231254663624602,1.81115168053032,1.857994083132672,100,0.5568589567744372,0.04684240260235195,2.549502705537481
SRR1930818,1.8163049606321267,0.008805425759513538,1.798086498776832,1.8332876930314423,100,0.48479886089442786,0.035201194254610435,1.9380662949001364
SRR1930819,1.9807436511981285,0.009954319613194451,1.9593234906795705,2.011135359500367,100,0.5025546646166554,0.05181186882079669,2.6157786137270365
SRR1930820,2.1365187355631714,0.009548009499395648,2.114934268070312,2.1648036057347504,100,0.4468956597695765,0.04986933766443835,2.3341399649038483
SRR1930821,1.9766640434854879,0.008745194499561966,1.9508492524530003,1.996136284330019,100,0.4424218940180347,0.04528703187701866,2.291083911111329
SRR1930822,1.8266100283724414,0.008693269771313033,1.8071407241985675,1.844349704761636,100,0.47592368575020744,0.03720898056306843,2.0370511485816505
SRR1930823,1.8757721526374447,0.01138379586142972,1.8468191384026829,1.9040210207844932,100,0.6068858547357919,0.05720188238181034,3.049511226690362
SRR1930824,1.6822270108978838,0.006785268204443934,1.661798042433269,1.6987197048584863,100,0.4033503302757168,0.03692166242521733,2.1948085594886804
SRR1930825,2.0085940108645737,0.006466693959590517,1.9901655135862344,2.022881033834545,100,0.32195127161645826,0.03271552024831048,1.6287771481618876
SRR1930826,2.571314578806571,0.008228588906737977,2.548649016036199,2.5937571058922737,100,0.32001486611401414,0.04510808985607451,1.754281262505446
SRR1930827,2.076138149646859,0.008251929382659387,2.0570897224018814,2.09951837260576,100,0.3974653316814683,0.042428650203878426,2.0436332818745866
SRR1930828,1.902563424109292,0.009096973990235438,1.868029591312746,1.9255082525136944,100,0.47814300826761125,0.057478661200948356,3.021116693014199
SRR1930829,2.502104047875651,0.007230677496914082,2.48834332110094,2.5174366148756664,100,0.2889838855044061,0.02909329377472636,1.1627531556662198
SRR1930830,2.0988197005356977,0.007997521545329291,2.070156967074622,2.1153033045408085,100,0.38104852662132066,0.04514633746618646,2.151034576941669
SRR1930831,1.7024883666445907,0.007806192449414578,1.6863109577413642,1.7204433732017814,100,0.4585166396643102,0.03413241546041723,2.0048545487384626
SRR1930832,2.1308762284253344,0.008751632470830821,2.107046718895208,2.1538733424399643,100,0.41070580984884625,0.04682662354475653,2.1975290221037502
SRR1930833,2.0017100143505973,0.00729969674176051,1.9858465007308808,2.0188085847100634,100,0.3646730390230229,0.032962083979182655,1.6466962618397223
SRR1930834,2.11120830316104,0.011392125553355833,2.081632446108835,2.1388508448810164,100,0.5396021575085127,0.05721839877218127,2.710220430949903
SRR1930835,2.273069619841246,0.008933870240004721,2.2505343326022587,2.299110961826195,100,0.3930310872145075,0.04857662922393624,2.137049776210941
SRR1930836,1.8636086777724188,0.007784468944725974,1.845089569253567,1.8849281036776715,100,0.41770941708807613,0.039838534424104566,2.137709214346639
SRR1930837,2.2403606431129894,0.008667799768315667,2.2170595286109727,2.2603480145938857,100,0.38689305648003736,0.043288485982913016,1.932210607072775
SRR1930838,2.1054003337799223,0.008094593403097424,2.085704379879285,2.122005202576528,100,0.38446813526265705,0.036300822697242996,1.724176733270981
SRR1930839,2.269660198289972,0.008439234752268597,2.2485417530865823,2.289783966287321,100,0.371828115883909,0.04124221320073884,1.8171095934013348
SRR1930840,1.720724285749993,0.007400154818592431,1.704423127870215,1.7418061213991027,100,0.43006046232252765,0.03738299352888763,2.172515018150855
SRR1930841,1.9441385766508836,0.009941981408390383,1.917160279841223,1.965965284019489,100,0.5113823432029816,0.04880500417826594,2.510366532736624
SRR1930842,2.3511970073918986,0.006639265154325436,2.334656270506989,2.363560173642996,100,0.2823780879888982,0.028903903136006992,1.2293271489005972
SRR1930843,2.4171518426898317,0.008584228126157794,2.388849560530598,2.4418264316051626,100,0.35513814128471033,0.05297687107456461,2.191706376857624
SRR1930844,3.0496071391849933,0.008139430191679346,3.0312867442085287,3.0709326006098,100,0.2669009423244794,0.039645856401271384,1.300031597245891
SRR1930845,1.6229910447064184,0.0074541231518847895,1.6057883796860684,1.6382361319128529,100,0.4592830734462346,0.03244775222678453,1.999256393472829
SRR1930846,1.5499800619942397,0.009373195269537535,1.5256326545690229,1.5740491302273578,100,0.6047300542355215,0.048416475658334956,3.1236837715216295
SRR1930847,1.4280713242912149,0.008264706387139624,1.4051895363653304,1.4542259338086372,100,0.578732045560931,0.04903639744330679,3.433749884141445
SRR1930848,1.5899103282502958,0.008152565955025138,1.571761836993046,1.6125346711910316,100,0.5127689159675488,0.04077283419798561,2.5644738243103506
SRR1930849,1.7388244428338526,0.010099205595942068,1.7045560574015473,1.7574597553727591,100,0.5808065119836289,0.05290369797121186,3.042497946773278
SRR1930850,1.9851438080950612,0.007989653504455447,1.9667899659167511,2.0048410520710176,100,0.4024722779213813,0.038051086154266445,1.9167924257729303
SRR1930851,1.6878951641203455,0.009398917108457094,1.663329591436057,1.7075183249756214,100,0.556842469144426,0.04418873353956432,2.6179785616361717
SRR1930852,1.5355919787324475,0.007981611396249706,1.5152137911686998,1.5527426287481336,100,0.5197742308368997,0.037528837579433816,2.443932900093158
SRR1930853,1.412581873766272,0.007162577799383656,1.3947414846200332,1.4292338194879952,100,0.5070557630961635,0.03449233486796199,2.441793676425806
SRR1930854,2.280586100657589,0.007452933152305363,2.260124614535225,2.300392429819797,100,0.3267990254854385,0.040267815284571906,1.7656783610564406
SRR1930855,2.0444246389596614,0.008114367504415777,2.018456030455044,2.0621741260535638,100,0.3969022555189368,0.04371809559851991,2.138405826529589
SRR1930856,1.941158051082695,0.00969057303434408,1.9119149874592505,1.9647242749957343,100,0.49921607511243576,0.05280928753648384,2.7205042632684693
SRR1930857,1.8120438861511792,0.008717357337244302,1.792738733689926,1.8324143253615737,100,0.48107870917851553,0.03967559167164758,2.189549159094563
SRR1930858,1.7441507348401917,0.00823221281076488,1.728273030545944,1.7642881153998873,100,0.47198975675225446,0.036015084853943335,2.0649066697347824
SRR1930859,1.5012439993410402,0.009626048766875268,1.47409958673735,1.5222263232585744,100,0.6412048122157723,0.048126736521224345,3.2057904339567194
SRR1930860,1.514338007370618,0.010113071778742232,1.4881325684015867,1.5356411135835444,100,0.6678213007611031,0.047508545181957684,3.137248418168406
SRR1930861,1.3892317452208323,0.009914523827695022,1.3643624254583686,1.4111904981188177,100,0.7136695415867429,0.04682807266044908,3.370789130146554
SRR1930862,1.3631707364865762,0.009459454101378238,1.3314408712030703,1.3895208239807846,100,0.6939302501283844,0.05807995277771427,4.260651378668017
SRR1930863,1.2744917833377347,0.008865808714100847,1.255139830964129,1.2965535141528464,100,0.6956348271530164,0.0414136831887173,3.2494272407359146
SRR1930864,1.5664151850328834,0.008046460265854906,1.5442865157310035,1.5829898729086955,100,0.513686303780692,0.03870335717769202,2.470823670984748
SRR1930865,1.8060233563509769,0.011409023356045213,1.7770211871680957,1.8360945496508032,100,0.6317206981806064,0.05907336248270756,3.270908002101576
SRR1930866,1.6105638291006255,0.009205982608688957,1.5856659142599565,1.634757496439508,100,0.5715999851946123,0.04909158217955145,3.0480991372422217
SRR1930867,1.6911996158363167,0.011272357495487448,1.6676013172468809,1.7197941599504478,100,0.6665302776758937,0.052192842703566944,3.0861432449981376
SRR1930868,1.352655469474152,0.010478933062900923,1.3315041839151402,1.3850797735705822,100,0.7746934307650886,0.05357558965544196,3.960771302412254
SRR1930869,2.1306167182735987,0.008778185457220594,2.1120954335280584,2.156205391389069,100,0.41200209225493184,0.044109957861010685,2.0702906103521146
SRR1930870,2.2431054582799486,0.00559624527880467,2.229581293371445,2.2589494716185072,100,0.2494864990920207,0.029368178247062282,1.3092642674759618
SRR1930871,2.0143945491851243,0.009097001411229454,1.9874781384198708,2.038817716648865,100,0.45159978291787134,0.051339578228994265,2.5486356806198907
SRR1930872,2.020231542154754,0.005149726220948112,2.00670256145339,2.0322040960267884,100,0.25490772287692715,0.02550153457339821,1.2623075148207314
SRR1930873,2.115087088809007,0.004072400679231278,2.1051759238335963,2.125590746161776,100,0.1925405672786941,0.020414822328179483,0.9652000825968328
SRR1930874,3.1313574362327667,0.0038991421712901296,3.121198299643098,3.141850632835524,100,0.12451923010044677,0.020652333192425765,0.6595329218395428
SRR1930875,2.9944026535098187,0.004356102382385668,2.984602345216241,3.0054628317174603,100,0.14547483710247736,0.02086048650121919,0.6966493459644801
SRR1930876,1.2554854717075106,0.007156245455492014,1.2399010269568569,1.274573702832221,100,0.5699982689372927,0.034672675875364156,2.761694711465512
SRR1930877,1.0087089289305209,0.008967021442267539,0.985187401959392,1.034836506232404,100,0.8889602525651065,0.04964910427301206,4.922044689903984
SRR1930878,1.2652665672028163,0.005029953397704006,1.2516311392010413,1.2758647196875357,100,0.3975410026698135,0.024233580486494377,1.9152944616302225
SRR1930879,3.0044827882616643,0.004408881312997647,2.993269405792854,3.015055137425622,100,0.14674343718069827,0.021785731632767646,0.7251075532162542
SRR1930880,2.9985088771584913,0.0032653099664250143,2.991545211468672,3.0067944228379933,100,0.10889779220928486,0.015249211369321447,0.5085598206990208
SRR1930881,1.4581104299520962,0.008420016216458293,1.436306386844081,1.4812289484175654,100,0.5774608043051251,0.04492256157348429,3.080875127884528
SRR1930882,1.3401225211184618,0.006169074009416768,1.3266864747107043,1.354733141312339,100,0.46033656715716403,0.028046666601634573,2.0928434646577627
SRR1930883,1.807056796901782,0.0065281961012901265,1.789837727274732,1.8229171793794587,100,0.3612612571161454,0.03307945210472685,1.8305706916042659
SRR1930884,2.187906909170624,0.007770349688485501,2.1676085696963128,2.212960174339305,100,0.3551499223260385,0.04535160464299226,2.0728306333738766
SRR1930885,1.6648517510411383,0.009704994562783991,1.639706961196904,1.6893336744372012,100,0.5829344598829799,0.049626713240297216,2.9808487878432692
SRR1930886,1.7558462661682226,0.007518954589448515,1.7376426260308808,1.7729457962508806,100,0.4282239700778078,0.035303170219999735,2.010607130033185
SRR1930887,1.5982068449463949,0.009321834626675667,1.5714114503177734,1.6179045193487114,100,0.5832683457808823,0.04649306903093797,2.909077080851658
SRR1930888,1.3802016662966434,0.007389597023399353,1.3612616971641465,1.3978215640168408,100,0.5353998045247342,0.0365598668526943,2.648878620092651
SRR1930889,1.6045304272938807,0.010896506508368506,1.577055472304111,1.6277292584898366,100,0.6791087487662043,0.0506737861857256,3.158169226568637
SRR1930890,1.9724389627065346,0.006572924061450141,1.955071261289129,1.9921005618901664,100,0.33323840107229113,0.037029300601037374,1.8773356895275803
SRR1930891,2.637175422824464,0.005865511423904486,2.622193282431135,2.6532227702634525,100,0.22241642983394763,0.031029487832317404,1.1766182698261403
SRR1930892,2.561291525117615,0.005664709487219221,2.547566199753572,2.573910434110808,100,0.22116613558697099,0.026344234357235763,1.0285527476621792
SRR1930893,2.5246025973633466,0.006051364963572032,2.505795372372566,2.534993950185976,100,0.23969574339707872,0.029198577813410065,1.156561347275194
SRR1930894,2.026265097282839,0.007610192725247179,2.010157120083811,2.046406293329428,100,0.3755773484650266,0.03624917324561716,1.7889649924990672
SRR1930895,1.3229652520978326,0.008247259568237074,1.3050369676387596,1.343335966345247,100,0.6233920018049872,0.03829899870648745,2.8949361024982734
SRR1930896,1.4640917938972182,0.008986657279456868,1.4424535318216236,1.4862328078229394,100,0.6138042243605216,0.043779276001315814,2.9902002172132383
SRR1930897,1.2911968068113981,0.009407517628838185,1.2726469218526986,1.315228926597146,100,0.7285889787839537,0.0425820047444474,3.2978709767415992
SRR1930898,1.6315270941371853,0.00920585654880457,1.6075897922596414,1.654715035969532,100,0.5642478498754557,0.047125243709890574,2.8884131853668187
