sample-id,depth-5000_iter-1,depth-5000_iter-2,depth-5000_iter-3,depth-5000_iter-4,depth-5000_iter-5,depth-5000_iter-6,depth-5000_iter-7,depth-5000_iter-8,depth-5000_iter-9,depth-5000_iter-10,depth-7142_iter-1,depth-7142_iter-2,depth-7142_iter-3,depth-7142_iter-4,depth-7142_iter-5,depth-7142_iter-6,depth-7142_iter-7,depth-7142_iter-8,depth-7142_iter-9,depth-7142_iter-10,depth-9285_iter-1,depth-9285_iter-2,depth-9285_iter-3,depth-9285_iter-4,depth-9285_iter-5,depth-9285_iter-6,depth-9285_iter-7,depth-9285_iter-8,depth-9285_iter-9,depth-9285_iter-10,depth-11428_iter-1,depth-11428_iter-2,depth-11428_iter-3,depth-11428_iter-4,depth-11428_iter-5,depth-11428_iter-6,depth-11428_iter-7,depth-11428_iter-8,depth-11428_iter-9,depth-11428_iter-10,depth-13571_iter-1,depth-13571_iter-2,depth-13571_iter-3,depth-13571_iter-4,depth-13571_iter-5,depth-13571_iter-6,depth-13571_iter-7,depth-13571_iter-8,depth-13571_iter-9,depth-13571_iter-10,depth-15714_iter-1,depth-15714_iter-2,depth-15714_iter-3,depth-15714_iter-4,depth-15714_iter-5,depth-15714_iter-6,depth-15714_iter-7,depth-15714_iter-8,depth-15714_iter-9,depth-15714_iter-10,depth-17857_iter-1,depth-17857_iter-2,depth-17857_iter-3,depth-17857_iter-4,depth-17857_iter-5,depth-17857_iter-6,depth-17857_iter-7,depth-17857_iter-8,depth-17857_iter-9,depth-17857_iter-10,depth-20000_iter-1,depth-20000_iter-2,depth-20000_iter-3,depth-20000_iter-4,depth-20000_iter-5,depth-20000_iter-6,depth-20000_iter-7,depth-20000_iter-8,depth-20000_iter-9,depth-20000_iter-10,depth-22142_iter-1,depth-22142_iter-2,depth-22142_iter-3,depth-22142_iter-4,depth-22142_iter-5,depth-22142_iter-6,depth-22142_iter-7,depth-22142_iter-8,depth-22142_iter-9,depth-22142_iter-10,depth-24285_iter-1,depth-24285_iter-2,depth-24285_iter-3,depth-24285_iter-4,depth-24285_iter-5,depth-24285_iter-6,depth-24285_iter-7,depth-24285_iter-8,depth-24285_iter-9,depth-24285_iter-10,depth-26428_iter-1,depth-26428_iter-2,depth-26428_iter-3,depth-26428_iter-4,depth-26428_iter-5,depth-26428_iter-6,depth-26428_iter-7,depth-26428_iter-8,depth-26428_iter-9,depth-26428_iter-10,depth-28571_iter-1,depth-28571_iter-2,depth-28571_iter-3,depth-28571_iter-4,depth-28571_iter-5,depth-28571_iter-6,depth-28571_iter-7,depth-28571_iter-8,depth-28571_iter-9,depth-28571_iter-10,depth-30714_iter-1,depth-30714_iter-2,depth-30714_iter-3,depth-30714_iter-4,depth-30714_iter-5,depth-30714_iter-6,depth-30714_iter-7,depth-30714_iter-8,depth-30714_iter-9,depth-30714_iter-10,depth-32857_iter-1,depth-32857_iter-2,depth-32857_iter-3,depth-32857_iter-4,depth-32857_iter-5,depth-32857_iter-6,depth-32857_iter-7,depth-32857_iter-8,depth-32857_iter-9,depth-32857_iter-10,depth-35000_iter-1,depth-35000_iter-2,depth-35000_iter-3,depth-35000_iter-4,depth-35000_iter-5,depth-35000_iter-6,depth-35000_iter-7,depth-35000_iter-8,depth-35000_iter-9,depth-35000_iter-10,alias,treatment,collection_date,environment_biome
ERR1039459,7.009561643812872,6.9849777946501055,7.024380434017982,7.025979648427998,7.013615781315874,7.021272345821149,6.970174691353243,7.029778232283292,7.0210321717442135,7.023682833342132,7.028335586117221,7.039344480154943,7.002909025162035,6.994248028274162,7.058055397221641,7.049556863097939,7.052056349676827,7.040049635102449,7.000048398565982,7.029036769519767,7.031100271086691,7.0830956599594765,7.000528409501601,7.059060369271307,7.038660204969343,7.0643511823461775,7.059096637974164,7.000011755598138,7.0448161434942085,7.040435573289368,7.089029642183986,7.075511135304677,7.019334126926632,7.04944682336641,7.069580247532746,7.045425400637781,7.012976117260181,7.083893688866554,7.083001189502236,7.054449588727922,7.049928661637384,7.018212591208624,7.044705346954161,7.052433479633795,7.058458880243394,7.037313150107803,7.041268816583301,7.054210106035691,7.041019836498703,7.09224449872367,7.058730114042707,7.031237812412508,7.061379275177574,7.064654721237351,7.061880742842867,7.073433028662637,7.047041544247002,7.035352905264065,7.0966663409088735,7.065071054055448,7.037099010878603,7.057250105325739,7.060442725233935,7.030240835614992,7.063070053601038,7.0861949122762775,7.065473560070713,7.067926377466439,7.074471941019906,7.067988149638484,7.0540680532454045,7.076699595155345,7.049233374430093,7.03425383379253,7.04262212359585,7.0769805902673895,7.0503223283547465,7.067756891308331,7.056525983762787,7.059740398382333,7.064867780574979,7.054740075824739,7.070992756784854,7.04650483754172,7.087707278179845,7.061453178954884,7.053591433761619,7.054999091331559,7.07219781949693,7.07445934421647,7.076936956012704,7.073323336536961,7.027653382317316,7.046125290878318,7.094253152319843,7.084369780375678,7.047392857202476,7.080967623053659,7.067121345959642,7.044031294468991,7.065168314033915,7.077562104402209,7.079851846948432,7.074469602094016,7.065427539607747,7.070355917339165,7.066775978634222,7.051488354694741,7.082719156220892,7.0692685197463785,7.073910979108623,7.066381301900594,7.054384444861276,7.062448200305045,7.083886821142195,7.055717782444075,7.076752770924661,7.071451088048417,7.079352676292817,7.064790230020403,7.06751277850837,7.07701302384424,7.079743915253706,7.073861710602484,7.072795893278564,7.072303594932411,7.064093057382087,7.079715726669567,7.081749937366636,7.080287298095664,7.069362781512573,7.086528716102553,7.0736528210521135,7.081592765986975,7.05678976045225,7.064342843808813,7.073525977735105,7.079614593828569,7.06458020739894,7.069497979262687,7.069692515650949,7.079818564765342,7.075359134699222,7.068783417373713,7.059361055229428,7.070836889237037,7.081104016290413,7.0763308320960645,7.090722580568317,7.058798853828939,CiPEHR-AK-2010_C2,C,2010-05,tundra
ERR1039460,7.04272577494354,7.0368116009667405,7.024191504139076,7.054259282337535,7.033897780630347,7.048751802570812,7.014637029972828,7.081515927563666,7.0365563124004735,7.037832254262299,7.094741516054854,7.059896061425858,7.080541560771225,7.093102403652583,7.050995447987924,7.094386513992237,7.075181508740719,7.066596522178105,7.125067338121013,7.065443652425541,7.054182621393237,7.12080304466891,7.128128248311758,7.0848084955565644,7.086851593828623,7.080413725469007,7.070254956552478,7.091067936997594,7.069139293340703,7.046017293481542,7.0917508418845525,7.095219770054962,7.068098081970954,7.112260266885653,7.067598910781801,7.073148333050806,7.08471858147185,7.077382736349668,7.076421403147656,7.091113695304707,7.112900061856847,7.09762770357886,7.079521115975716,7.093577610894965,7.0814914731861,7.059565668016735,7.089680064336116,7.086887395543837,7.079025864806078,7.075745903973395,7.090504388444443,7.093236545335388,7.094408041836419,7.105322897798256,7.0856574300328585,7.089824334304897,7.104188435688803,7.072763592075806,7.063752270341385,7.073560295390957,7.081863000557035,7.07762377217326,7.080043164353342,7.108063029381984,7.0902512006958665,7.090523770455975,7.066885456847576,7.102457945992292,7.092655497201937,7.089515504167791,7.105030259085968,7.08498997295759,7.101379666544694,7.0784219232297865,7.117897782662131,7.09978390997704,7.087882155216267,7.103671295129375,7.089653560892754,7.073946098982502,7.102948843264352,7.095340905072201,7.094504668457223,7.082878058184331,7.072935659617237,7.085387519690822,7.09301827128206,7.098733424198805,7.0985028181579,7.101009566704542,7.090373603522068,7.085325688007054,7.103691220963636,7.10059887927585,7.095668561658627,7.095341974425277,7.09558815877512,7.098736576786955,7.10631215320093,7.09168690377815,7.104902103141134,7.096043551956268,7.088800351064541,7.104683892130641,7.105051847610072,7.09096215545344,7.095983620073473,7.106217042087605,7.100758026247631,7.107135836534893,7.085847009406978,7.099375118382976,7.0895423965094855,7.111134130848765,7.088309059686553,7.099083384174694,7.0934775995068655,7.109414113634433,7.092024136159825,7.092714537041676,7.09461864985854,7.100590840442584,7.10043835536256,7.10452148029221,7.0805647374583005,7.103459852283559,7.090460782655668,7.0974647165015865,7.105309648149541,7.099688655213144,7.101110293775777,7.099185284304144,7.108201469608114,7.106181785583956,7.102843969935893,7.107317984503342,7.109792908574929,7.100636169038586,7.096124058831722,7.113670661498768,7.093508070021747,7.094639754708949,7.105441378088232,7.101288159099482,7.111097025314471,7.094431605103613,7.101387057759834,7.105413258932947,7.10060432250087,7.098844710027429,CiPEHR-AK-2010_C3,C,2010-05,tundra
ERR1039461,6.757576308509554,6.709843311545775,6.73672796447736,6.783899953267151,6.800415854477777,6.750727817430724,6.7405074210534535,6.723998203613707,6.706023381639295,6.772505113187403,6.708626437898703,6.771958899367758,6.746735731902713,6.730063718768571,6.7527480920937535,6.738659952734171,6.7740967808920525,6.741452478295002,6.7465534364861846,6.756119511486717,6.740494279318517,6.751962625060733,6.7379144780292135,6.759821343752309,6.727191822911547,6.72020108335725,6.753020074350376,6.786423131543691,6.761556491339912,6.772422766972398,6.752146593530035,6.77757329413235,6.754417089371762,6.76112136032096,6.766028728751928,6.765056261082419,6.770803439606319,6.747203917587551,6.776779474022437,6.772485559360442,6.7813184978736105,6.779430433427047,6.799372119222958,6.778859073398712,6.772627568489358,6.776884260069781,6.756805818357675,6.803362570917677,6.7834335538765,6.779914432822594,6.803930097673583,6.786394389124524,6.80458502341841,6.796088387982227,6.765219436475172,6.75959970222702,6.781241026031274,6.790443327922348,6.776396158545872,6.7673310323559255,6.79728669926155,6.782527830168244,6.810132412437867,6.790645815941308,6.793440657578008,6.8176885446840485,6.768668858357324,6.786095347342459,6.768815753296987,6.790500931269207,6.788443380213282,6.78461296690133,6.794276414922101,6.786508638150432,6.790950433646056,6.7812847906255005,6.76971274878238,6.76502109125466,6.787322386882526,6.7779527878751225,6.795194632400848,6.771301715673991,6.788588515818315,6.793654002118734,6.809356284799193,6.783661598701522,6.802321852025871,6.79940294059773,6.785775981198453,6.785034790232334,6.795821475097164,6.803804746090074,6.80239943342054,6.806449247787977,6.781843980118318,6.792223867842078,6.79893861452055,6.792294324777344,6.794121643992569,6.8041156188754055,6.811501977504955,6.804026468311841,6.799999778881891,6.778675537975105,6.799402630106303,6.791129392791606,6.805893257198758,6.805905349595459,6.794604823599703,6.801898041066391,6.794894469501586,6.795106507348841,6.777217010390039,6.80330326543788,6.795581397280289,6.794158287752573,6.785743767086459,6.808305061771154,6.797559780518588,6.795590214723303,6.795556293969287,6.797408922810921,6.788934894770391,6.809761274741663,6.7939284280277,6.79141763863401,6.795522061666678,6.796403578960383,6.798953110695783,6.799645536084433,6.811448133371565,6.793625443275874,6.805217287787381,6.795978347245482,6.79263246588906,6.809128969451344,6.78764349189961,6.798574374635964,6.8074417742198605,6.800998909881784,6.800284532768238,6.802660530955567,6.807393961984436,6.802414843027671,6.79332135810054,6.791989175771328,6.801165864817325,6.801148421346667,6.798714888599337,6.792902788433217,CiPEHR-AK-2010_C4,C,2010-05,tundra
ERR1039462,6.2101293496963805,6.318031908170723,6.20844421271247,6.190366067343785,6.191852891808512,6.26572013847888,6.2290618489723135,6.173869726625391,6.186879912955823,6.21121627054452,6.178415490824534,6.254178264697853,6.252823245879276,6.215730313652995,6.1937987168819815,6.254595445204817,6.241369079160811,6.143570474198201,6.169575727963617,6.253167664268806,6.269108004386898,6.259161805933794,6.212381268841275,6.217982353562082,6.281907244150254,6.261712735067182,6.221510694131198,6.250856420310052,6.212598841632818,6.217098872079913,6.269420331420741,6.250288076243436,6.243112506149056,6.225457356020726,6.250697910900493,6.251969356148699,6.220240527018778,6.274737637773097,6.237952880584432,6.254620159774479,6.26032233025303,6.245112905195572,6.2319419993072325,6.267427744292493,6.239461462484279,6.279055260436219,6.2414910874180665,6.262008634552646,6.263358246573475,6.267700139810799,6.243703439893403,6.240145057697302,6.208920886064936,6.239307294724597,6.242867825373356,6.259158970585706,6.252959535926776,6.270030408218774,6.272248570997356,6.254662858554271,6.261353666472659,6.273431992488117,6.253262952931645,6.249380301425194,6.2915034215164205,6.259477688048246,6.252234944466222,6.241510883749383,6.261597503796136,6.231217625397712,6.24482650270609,6.259591748780133,6.237658014134022,6.284875700761203,6.245720210237934,6.279293113978512,6.251125483764287,6.249621860649653,6.2426682747442825,6.295893079158404,6.256425622951406,6.265860823366576,6.262140637442,6.24808606726577,6.280482545644043,6.261964834651102,6.288127892061949,6.276853792436763,6.283828651720694,6.267907239338072,6.280486958558562,6.27996656962148,6.265172311769991,6.255250283299961,6.254982888901898,6.251020711316348,6.271545035349164,6.229468365589242,6.26623191953642,6.284170839628333,6.273855812734088,6.268766779406993,6.253880867858179,6.276559986187428,6.249026388024817,6.262919394927868,6.273785494414462,6.254911136892034,6.26367551633683,6.284772087882868,6.248413090087774,6.2413487786791855,6.274651732231984,6.272258605541948,6.274863885326639,6.272454487680366,6.261244006482518,6.248139421043001,6.259192195307183,6.273642419650618,6.285778075449013,6.252155982640225,6.25169801458424,6.250187433683454,6.263219730780873,6.267277751131995,6.265456000891793,6.26923468335153,6.284143350454848,6.280821093640808,6.268028265335113,6.262810848423697,6.263768260337076,6.26977339725727,6.26650238511529,6.2687965964365855,6.2614180067015806,6.257159728467067,6.280688153582288,6.274371590669252,6.270473444099636,6.26813072553664,6.27591288685641,6.246263710112303,6.264855677734244,6.279918099670017,6.257034603205723,6.277620858038257,6.276834105116504,6.265750620695798,CiPEHR-AK-2010_C5,C,2010-05,tundra
ERR1039463,6.605063810638027,6.633694348984938,6.657060289790942,6.637763195972079,6.689822826358856,6.683682904805134,6.632796562403473,6.631886431059412,6.662161653498524,6.692263700622389,6.640149545412765,6.637750341663378,6.661242203370708,6.657036148548006,6.661563337535886,6.6366944314361325,6.647933188050574,6.640156950696832,6.656809409493121,6.664774818680407,6.655572276215153,6.691315855281096,6.660029286451041,6.698701109475017,6.670917856113472,6.693326962474187,6.666733908160064,6.686686296450213,6.652065824204416,6.691963715335812,6.672431691030188,6.675204187640121,6.69205879930164,6.708108695231182,6.678232201567946,6.67462966150879,6.683467331407465,6.671792215890754,6.649395799738058,6.683753552065134,6.660678220812992,6.682725027765695,6.660886177448597,6.6616019771083215,6.663922928028566,6.692484299022332,6.695665781291849,6.679034562116518,6.671083395702707,6.702899207839683,6.71255454116258,6.689196889314859,6.654651824822055,6.683087713886779,6.675614584268738,6.688072438740734,6.675695898718402,6.663240191674446,6.671954241950362,6.693191404786039,6.69384870219095,6.701256668621681,6.68995554313244,6.683223179373492,6.701656860979787,6.685573134523,6.66825493832388,6.682604772174167,6.680337754845933,6.708191804793718,6.702257677617947,6.699821738193245,6.665843021544886,6.701850436588996,6.681141247729226,6.69814218328809,6.6986954179454,6.677602454841121,6.673004207850125,6.681388740516196,6.693856891103335,6.686781738405134,6.699513467110976,6.698851850365581,6.681194552089023,6.674848114103589,6.673483237045994,6.679542886437798,6.684283690220837,6.654944084364125,6.698582425901597,6.694857669131197,6.702887590192675,6.678953964660234,6.70606226690098,6.675769970867496,6.690924136801965,6.694171687313001,6.668403636293117,6.705254009056636,6.67808598580964,6.712025253868381,6.686789068706741,6.687209788744148,6.704397848948124,6.695018684760026,6.685573312764072,6.692143335112953,6.6901352120773385,6.687142526706206,6.708522520787669,6.694073233854246,6.692094143405926,6.697784355902422,6.689269501506003,6.692936792081189,6.703274988394584,6.694114492870938,6.691595514324166,6.686572579333512,6.698461532702892,6.691739580642442,6.692925684157957,6.696816650502952,6.69016254398597,6.690313366974724,6.678225419892968,6.69192467892086,6.693366650595366,6.70065840551931,6.713252868207696,6.693519023077817,6.690747464711352,6.702655998323001,6.69205465875458,6.698241893104853,6.682356784515139,6.694326665625241,6.699012469274067,6.685096506822052,6.693463823321927,6.695029673606019,6.704833737253858,6.703698376153609,6.682666394440713,6.688701320838328,6.700833455311053,6.680863362532967,6.676021998851223,6.688814393982928,CiPEHR-AK-2010_C6,C,2010-05,tundra
ERR1039464,7.107054512144358,7.087411610594191,7.132434544228595,7.1357809167813055,7.078192662409142,7.064334692171097,7.1218945514288015,7.0738033176891975,7.124241225532845,7.109606274655776,7.133459238381697,7.121978127819848,7.126688326128392,7.094160192683487,7.125319405600016,7.127053323100353,7.0764689431254295,7.135425868198445,7.1169905311800745,7.094101811037461,7.155094277134972,7.140236867137109,7.151719755351612,7.131820817833757,7.160279819210297,7.134879256563864,7.133954727123532,7.128997204234685,7.131048510613431,7.141604362554482,7.12353029686736,7.154941365833765,7.141512193801626,7.130305978976821,7.17442342483301,7.168172849887088,7.165340325676127,7.137347138488864,7.145726545187247,7.184426843581146,7.164898567743793,7.176295331540897,7.142579746484545,7.159564898689164,7.142782556951394,7.13366893831343,7.1456088302655,7.162697811890676,7.194046843123896,7.136285983197454,7.15892277233132,7.148010226646035,7.141375860356599,7.155177471104859,7.130245019429654,7.154495173330583,7.1488539235268975,7.176935127212875,7.175680644003576,7.149007042833227,7.160180036809953,7.153876397091786,7.159671793119591,7.136297753870544,7.1692053274775605,7.164814562424132,7.15951579262974,7.149897461782056,7.149752522622707,7.16386254180402,7.172700533757713,7.16696320493143,7.168271917409757,7.147469583892094,7.144883781787524,7.187026141021548,7.173666822244247,7.158565808519724,7.149903355584406,7.144389309860104,7.179551830348978,7.162485674577969,7.153579509920532,7.1647568686660295,7.163941811604305,7.147242474154181,7.14530519212499,7.164101467716044,7.180954702778928,7.144554051857858,7.170418161891387,7.147183071016602,7.184797579016246,7.153863473714834,7.159217986278377,7.162542566948024,7.176003446366773,7.163976630566505,7.172070424276765,7.170271528477154,7.164634709516004,7.152979171184568,7.172426496175555,7.168843788930195,7.151480234069809,7.16777458644137,7.175607282053797,7.1781920615801,7.16798609804805,7.172044517374506,7.179081066940843,7.177803663699894,7.16486932112884,7.185202487765156,7.167369202501032,7.170548026962075,7.173862395331573,7.175451248398496,7.157828773497978,7.176647307685954,7.178565742363905,7.183728995900576,7.177037240636381,7.167030130534901,7.163906548124189,7.16507991625338,7.162007683043105,7.168365867977417,7.1694803011845005,7.171051860793993,7.177280073297387,7.181518021114652,7.179306666306437,7.168166227897795,7.154331623256922,7.163988587093588,7.167053043932251,7.1682884547531245,7.164409857549439,7.170773293798069,7.161320362817393,7.175637621927232,7.168766124662144,7.172340542318437,7.175060925143765,7.160201902710494,7.187999495632273,7.161226948812225,7.166311113472144,7.16633367436499,CiPEHR-AK-2010_T1,T,2010-05,tundra
ERR1039465,7.134348894282794,7.130074026093659,7.170821919390091,7.114658408690816,7.185281116558569,7.165697176738868,7.15466026991332,7.195751585269328,7.185007159089998,7.12693044930181,7.17553346481691,7.177010845256447,7.166750882525548,7.17170094881372,7.161261435223016,7.162520597566821,7.123131764071614,7.191867358354856,7.220440180083326,7.198321812651682,7.194649972731936,7.155416674933605,7.198103480139714,7.173837075413919,7.2149661803017375,7.18503607628999,7.201827686817275,7.1911022954948445,7.18754233487975,7.169127136845156,7.1949243829753415,7.196407649974204,7.212382188404503,7.188425623040505,7.175187722073351,7.214321978784325,7.214121408526614,7.171802776579143,7.180238996158642,7.184640875412514,7.200116283103337,7.20876069671542,7.189066719870488,7.183847193141167,7.194393204767044,7.208309670308878,7.203027687814764,7.230740481469033,7.200694447668327,7.1957571263548665,7.194930140152591,7.196616546444698,7.230182642548576,7.234136432181426,7.224863054769381,7.20375115952087,7.221852623056559,7.196260135714157,7.226579270574171,7.186871689595274,7.203066913714699,7.197855597111858,7.226831998275713,7.220631393030245,7.224368605574993,7.189929422077778,7.187031053734794,7.210450577102147,7.208644740008015,7.198384642952548,7.20360334644233,7.185348794615887,7.206908261148298,7.2044218715777975,7.231605392610911,7.207244674238071,7.20651984508994,7.198446515859291,7.191653899068714,7.225425158606663,7.210076985971905,7.216887100483945,7.227611609566558,7.207067283104253,7.204676768230035,7.216538835840375,7.2233079617255616,7.203750494374849,7.228453213661196,7.20686813595521,7.202558310870209,7.214944783873504,7.223358070285542,7.222652492222526,7.208251798280262,7.209158499890983,7.215365878634601,7.218549626017266,7.211400337981221,7.217870992861534,7.222187613449989,7.207947086140848,7.212915590819933,7.224058031649502,7.204163186492629,7.218267173644921,7.20050925744579,7.224158943708177,7.215285049831159,7.205074068419715,7.220607732614824,7.200646609452623,7.21198697379787,7.222128571714713,7.22068756261262,7.229008477508909,7.226740655506437,7.206364530896095,7.216995435709549,7.234022218723658,7.222399663403106,7.215311670824525,7.211194598956529,7.209175434459963,7.218342713845116,7.217917528880729,7.219443370573171,7.23021166249345,7.224638788161231,7.211918374954104,7.220665872166014,7.207361083498866,7.208190343311067,7.239295881229637,7.228191909495864,7.223057810666064,7.211700357202058,7.2257803572997155,7.225332041532223,7.207293490956412,7.22342584446803,7.2181472791231025,7.209584318542404,7.213130968049933,7.206238273841649,7.212995505265721,7.21169044162785,7.2078624841638,7.219716936457142,7.214357725899867,CiPEHR-AK-2010_T2,T,2010-05,tundra
ERR1039466,6.336596327045236,6.3151315389993945,6.355925111572001,6.277332341833789,6.298311031359066,6.326150821234871,6.333933618723604,6.29466825594451,6.364585128490567,6.334713006478165,6.310329244899525,6.365458063644407,6.346726434646744,6.364580892881181,6.323268146373856,6.343621177534915,6.3425998802265084,6.299800184348976,6.351452494759742,6.263364672842841,6.31561560827924,6.331096353494115,6.39503853228157,6.3202280368482215,6.339547861544569,6.347681168022374,6.365558456527199,6.375587152763475,6.3327507516180805,6.315388190824331,6.361946026048899,6.360503927189846,6.348858136299033,6.372446417544981,6.355052674232979,6.357074714419666,6.335882071453164,6.338010583841519,6.336427932152884,6.343168901272638,6.3770284760882765,6.382935475865549,6.357146798307371,6.349927151515354,6.359268292980582,6.368475483557429,6.35880499147235,6.37658078647925,6.342098667894704,6.372485273699906,6.398656328832672,6.375234681134894,6.366946334762449,6.34298675585344,6.389714575922225,6.38136060138532,6.380440072310122,6.351069153935665,6.348035421365133,6.365477620447819,6.38226898229402,6.363604133032467,6.361707096991557,6.368047353000173,6.381846085490607,6.377989633476572,6.337505879412928,6.357852540608456,6.364528359799703,6.377144562833019,6.387819681629496,6.385174474953033,6.334405406887666,6.37383662972108,6.342097725992613,6.368612035378848,6.393753427445119,6.352241675896742,6.373591605338363,6.377449017995494,6.378618441841042,6.356020359913549,6.374601187517014,6.372243260693466,6.380530903643447,6.398943461076203,6.3660409675577485,6.361645117314294,6.363022904878685,6.354371751442497,6.374107684960757,6.37058599740162,6.364601122272097,6.381719749362203,6.363353057714935,6.36000737386763,6.375868501660291,6.384325484535169,6.363445866734776,6.367861989502752,6.3554478262879535,6.366858805443441,6.37201478400917,6.386340827063889,6.351803448488083,6.364999098858664,6.370211441593363,6.370280599495106,6.356988840273133,6.395913534100526,6.378009650071888,6.365635117083487,6.373023459672172,6.380817799659565,6.373485825099477,6.379898690867259,6.355949667938721,6.3758100071477415,6.367686741808996,6.371740451966183,6.377486651308868,6.381315028264405,6.378292895381117,6.380238345160315,6.376379106325908,6.37239589393331,6.383411824590985,6.366359064717306,6.363562450828378,6.359223789160415,6.380240726773559,6.370812536050918,6.381930041128024,6.37550721564498,6.380242832278114,6.3820539361177735,6.373140391867917,6.367319063796883,6.389718026955767,6.359882209246356,6.38386227481216,6.38488129007066,6.376920090855502,6.381496306054863,6.366132940765891,6.380286376153908,6.380743312362497,6.376095705836529,6.388028775569887,6.380925469309484,CiPEHR-AK-2010_T3,T,2010-05,tundra
ERR1039467,7.33740891289178,7.296670644636933,7.333262725543449,7.348795598727738,7.388935635384992,7.398314455346306,7.344873723069232,7.405138204060514,7.350039153594483,7.34361610778137,7.410012826513817,7.353958057049848,7.383556422070402,7.385226271183082,7.422690467008007,7.392229746806594,7.366779094467991,7.414621496608585,7.419578194182717,7.37003696281905,7.427277392558964,7.41541598728949,7.389729903578796,7.404489728092416,7.425099575600721,7.390528222730389,7.41803993276881,7.413583107798052,7.393330961717409,7.410154838852286,7.410998467633657,7.40504089861345,7.407004601596532,7.403481946849545,7.40977106772618,7.427057542889276,7.41761548562943,7.443863502498414,7.429230125492197,7.424033047108708,7.382595470574291,7.432005362891711,7.419177056742878,7.412933634114768,7.4315537813375006,7.427253796374692,7.412547637963127,7.41518862118422,7.466346597833407,7.41212022718391,7.430749960134787,7.432899665349218,7.413157756109927,7.417012948671373,7.452881576054199,7.405260740641408,7.431616866002258,7.423627513864935,7.438701619073393,7.414518844850568,7.43107754797905,7.414600809603339,7.42377546810707,7.436078614545947,7.41055227003546,7.430639522450355,7.4389704078300305,7.423080773324486,7.434536298173534,7.439495173591571,7.418411531014127,7.408790805701942,7.430442436122767,7.442370904559934,7.4370558431806835,7.43549712344897,7.4263509046350995,7.440306333484461,7.429781405625082,7.436706184782405,7.4332604954351025,7.420220859522084,7.440139353979937,7.430646363222465,7.434392775099185,7.425286957015167,7.441954776276831,7.42565790332686,7.430156729177976,7.434949441023441,7.439874653892994,7.4310908465475265,7.439646892501072,7.418305844392483,7.433903487408062,7.4362050863973375,7.428259520874112,7.426865246983906,7.448916141242479,7.446380445473637,7.444874861112611,7.441211179710772,7.432142555213127,7.434455231407581,7.441197769151173,7.417301515471592,7.438154306790442,7.429470947607196,7.442269200534347,7.451822497207939,7.441241900249156,7.442513447944367,7.44209732472686,7.429347723613491,7.439082088474872,7.435522641100197,7.43235432894839,7.423740534948456,7.435628158189716,7.438577833723887,7.426257121594417,7.430473299110527,7.447650623449416,7.444305458814071,7.441163740812208,7.437932924914157,7.435334350833819,7.450089807939321,7.428512225827363,7.4451013224802,7.426691654060605,7.430303929174975,7.4316577653493985,7.437430788799303,7.432813399238666,7.439601514039064,7.439417870731101,7.441120103886312,7.436909121571796,7.442718557573017,7.429915969478988,7.436141980903432,7.434334562894386,7.42966536134971,7.433621975030808,7.440873345677488,7.4449196122321135,7.445121994345015,7.440775246268631,7.435637457661814,CiPEHR-AK-2010_T4,T,2010-05,tundra
ERR1039468,6.682968219304436,6.658854489903494,6.643259074653278,6.652570540682162,6.5939875800029615,6.694908438487867,6.6817680959073344,6.600830529799507,6.618260007809687,6.645118863517012,6.657198814462055,6.667906766153632,6.660791919638383,6.660416590202058,6.668954817950514,6.670560463899853,6.702252216637529,6.664185892193272,6.631555492869363,6.686511534653799,6.666481851603294,6.6730718563260565,6.674980604535628,6.664808740375274,6.692028133956248,6.682974940698284,6.683652213052391,6.689186703663353,6.664621022812691,6.674787393964792,6.69445344022362,6.717553278766624,6.6944710719739104,6.673087780512534,6.677480417105315,6.680029188906667,6.700149052756236,6.694831867789925,6.684115326951685,6.680898507495787,6.675396867071637,6.695605731221122,6.668042661076605,6.665430337071969,6.666509813910668,6.69477859271007,6.683449485480942,6.67975343631555,6.657688005331556,6.693815007715778,6.71025624627197,6.6843919179149145,6.693745777017674,6.691625189471028,6.68960658335824,6.700829584057829,6.699488327942851,6.703898443587357,6.706965461723079,6.696696891199833,6.676703798177165,6.707974461271737,6.702793361542716,6.704084676085206,6.69375955786641,6.69081352867974,6.687867828524968,6.6759271473691575,6.685330702289902,6.696756430685374,6.6887119786289775,6.701154512390199,6.709623077913722,6.700528993222905,6.695693944991152,6.686858023811422,6.710709100730679,6.69838204158848,6.690039491314444,6.708605287940548,6.691656423184809,6.702645217289803,6.691344138870799,6.693581472886914,6.689866476520469,6.686989101266434,6.682785240034634,6.7019740393222005,6.683655768366809,6.691641983814344,6.695513692709186,6.690932957956192,6.687213454407679,6.711284136542648,6.681356644542433,6.709352730983014,6.687121909682556,6.685032619225892,6.682122529237378,6.69437298964301,6.6979254707697296,6.701998905538667,6.695647402739399,6.689029368401258,6.695248202552506,6.702996254819595,6.693442438666242,6.697785754584795,6.70361637850526,6.681196651581779,6.707755329364183,6.690810109418516,6.683233889865413,6.698772517513095,6.6943966197220375,6.70265373887514,6.697226785700517,6.703434196200081,6.694166245729143,6.701454583026593,6.703917961159144,6.692366183077244,6.683451969829194,6.69806279968378,6.692597436297375,6.696211249249893,6.692850138453909,6.699238440790947,6.704689055438221,6.69802756240195,6.697636648567314,6.694959325354142,6.701640373084134,6.698204131596339,6.689537660114038,6.704486901053253,6.700712240933858,6.693610678877989,6.693655350227783,6.696000892336699,6.693705189105606,6.696234334709877,6.700501331390409,6.703173468476025,6.695883432466177,6.690867000421531,6.695337657023268,6.707134301174683,6.697392283144395,6.695740746438662,CiPEHR-AK-2010_T5,T,2010-05,tundra
ERR1039469,6.6122900043193935,6.626778390695154,6.577550482495779,6.601088936388948,6.641060238093864,6.655306120571956,6.611305419135441,6.656470328671054,6.654472026099227,6.584240862886095,6.655266459835964,6.637358431868564,6.690229286352545,6.631544218340943,6.639470001793661,6.650246026080286,6.672034848143527,6.613454063122127,6.623988714439877,6.608293269237554,6.620551752745031,6.641402211231379,6.672572255155057,6.62768733021662,6.629929271495663,6.6317503318226665,6.688537401384084,6.64659029093336,6.641850998272807,6.649374954797638,6.683708299323137,6.651039199554707,6.649658382695077,6.625814071060475,6.625905423605064,6.68132989299979,6.665103588442317,6.655515803416694,6.649789032319236,6.672525305240712,6.663248570041909,6.652337916843835,6.658141428264947,6.65690427005089,6.67707386361814,6.673096222319523,6.644241077699742,6.633634501199294,6.66992517477225,6.6652299850851495,6.652030570292353,6.658734496189823,6.665965829609599,6.663751413947012,6.658202256505833,6.663114593396127,6.679925414456521,6.664468442052123,6.686944402734508,6.671578662417485,6.659220181698201,6.640092150525984,6.663332746909252,6.650376961114006,6.666531420609769,6.6646703827017015,6.687668960982461,6.655780054690839,6.655890619872324,6.638815936773925,6.660557985900877,6.6556456243422,6.661349968334741,6.674850392809776,6.65820703480994,6.676171531837253,6.693133714633205,6.662499961148596,6.655336802152421,6.672739575581593,6.6535655013739,6.673709499229965,6.670950551617297,6.691314719473796,6.664751249103804,6.65337579606907,6.654816716921345,6.667211775493937,6.6826079747630684,6.683484468845895,6.673269852568297,6.659498795251501,6.658620288069199,6.676196972936693,6.66882006018266,6.658591475337816,6.648875614721383,6.68439859077857,6.672997326100632,6.668497556669861,6.661359258789168,6.660661069859533,6.664833103920482,6.672249746397429,6.6550076051789295,6.66918535226174,6.6616396869869785,6.671598832190276,6.680688460378369,6.6604393103199,6.660961658050932,6.675069604478219,6.67064452421103,6.667099435706561,6.6630464775141816,6.673153471741856,6.665108853869804,6.668376757009044,6.6791088493337,6.666376446715318,6.677353791826635,6.68134099003865,6.667995297174906,6.681292714431877,6.680329168208257,6.655515670449585,6.682640915000957,6.666986636999618,6.671008576181552,6.668536938657941,6.661123271587073,6.671994686292323,6.67628621718927,6.67915914960721,6.669557354902737,6.67073362253198,6.673585410044422,6.676802511884371,6.667886182411483,6.677809733152565,6.661991128125129,6.662593278596344,6.678740008108434,6.682214283464195,6.669863261459618,6.665076284409968,6.678293485018468,6.656411788555482,6.653943945904548,6.671696359297186,CiPEHR-AK-2010_T6,T,2010-05,tundra
ERR1039471,9.279011991301548,9.268807024514915,9.25831913859447,9.270955614740938,9.23651702649713,9.275253263905928,9.27623666252946,9.292569762615958,9.261311737046851,9.234066812957272,9.343746800487803,9.328052170971253,9.321912103112824,9.315315407645896,9.32864175628178,9.346994726638949,9.309809134135827,9.319685747627837,9.356034124268168,9.352185622144123,9.376573736296027,9.36601201638596,9.347173063900492,9.337033526255954,9.335535326942017,9.35301716069196,9.3654132055853,9.352630152454193,9.368039191935525,9.366115112113434,9.3917240013799,9.395738053839835,9.386327713606144,9.375774392874805,9.397113814481749,9.367547310219612,9.370215188787132,9.396466840636426,9.348166595350918,9.374781601858183,9.374587540713511,9.399378714619765,9.41655216789929,9.41816123765948,9.401876268580704,9.386175710167478,9.39777573143964,9.41681821816857,9.375446314282671,9.395524770290065,9.412561369616268,9.414379802116148,9.415654161497075,9.4112857754795,9.399630362385466,9.408473103438231,9.391276635938842,9.404599670448649,9.39950610570549,9.40715016340108,9.425767302007346,9.40257671481636,9.424940456037614,9.3954557000282,9.41714382890975,9.425687170946194,9.404363240720889,9.408751134934803,9.41229454900067,9.426113550033287,9.40478742592249,9.42856077294814,9.426214950903848,9.42456729573508,9.435211967678953,9.424165125490967,9.414272244201111,9.41061556593448,9.424223028801505,9.415416296294069,9.428301959926522,9.429114036848755,9.438876633936234,9.42124759805637,9.432603156790575,9.437709723801364,9.433784571731412,9.426188644171395,9.440172453885182,9.434375825977694,9.42566887901128,9.427079420084484,9.4387517350942,9.431670392227572,9.437543826083216,9.437814472423412,9.43459228086883,9.435075516434114,9.4252745740363,9.426687075009912,9.436759168999432,9.42858523059417,9.43300304414065,9.432699388425291,9.432033461868883,9.439871373699956,9.443123401160957,9.438731108171575,9.439561861435632,9.434720971468485,9.444266092511636,9.44937909969489,9.43626647765533,9.43924878103816,9.4375858199756,9.43952870900348,9.441562059576794,9.4483423149497,9.444980671769535,9.440198240053292,9.437265377978669,9.44651558020541,9.4323744022847,9.444666458168715,9.438996774033098,9.447654060894658,9.43706542835089,9.447443384936026,9.441257230407723,9.430641692600735,9.433351171503071,9.446384935943422,9.44504850616206,9.450111456058682,9.450204641940369,9.449244521961736,9.441981684135186,9.441784784338743,9.440708470075451,9.435316466921687,9.444014652552122,9.449863219859711,9.450665036366464,9.442989785028102,9.443736615451874,9.4452333629785,9.447053834050855,9.442347723412489,9.445616788532424,9.43899357453281,KFFL-OK-2010_3C,C,2010-10,temperate grassland
ERR1039472,9.011913028069946,8.957328447661517,8.941924897592353,9.020660065361138,8.954554618079984,8.968017172113422,9.005364985219472,8.936614427824457,8.967914883660232,8.972958740303321,9.089270359187534,9.045656192298472,9.064800655528916,9.061948026420453,9.042875464238689,9.07535996206902,9.08713663188487,9.066044455689497,9.018021312204308,9.049927032106645,9.093168680421792,9.070467193767367,9.05634760034099,9.07127512680547,9.087281462938948,9.07383286990023,9.10777571899152,9.024143194081043,9.096272427214243,9.099984663269993,9.108187807940132,9.079644800439226,9.066950406472456,9.08715260119057,9.074171998601146,9.099341149152131,9.105469640488415,9.074807743227348,9.10550067808142,9.099180052691818,9.130388288919292,9.094035510243335,9.095607924795008,9.115629236712795,9.088974274927985,9.096562292826306,9.097497206284723,9.10933465909703,9.102836730954907,9.113416450410616,9.111252498106548,9.111475032705837,9.098893520613384,9.11694228029892,9.11483943577308,9.109322507904292,9.123164294338707,9.100561231073597,9.119332684830583,9.096321432562098,9.107650967765524,9.12918966531934,9.113729919557075,9.101850680306883,9.119803250151088,9.107870122143169,9.132182023100611,9.116086032978371,9.128804587232665,9.11612015492308,9.135917110035384,9.122066720666,9.135815196969418,9.134110889407896,9.12819740434149,9.14209039360476,9.118512197056305,9.122447003293903,9.131718884830178,9.124846483460626,9.12775987409027,9.128738154672172,9.13143598297092,9.127792172384469,9.11948765398964,9.14498174639831,9.136718749516454,9.131464600923168,9.12324256256692,9.144018775379951,9.119887095721994,9.131451056731004,9.121361301504663,9.132175224248254,9.129357102631111,9.138410760303913,9.119763266419955,9.128266705748214,9.128322353871969,9.121520779336022,9.132816093375352,9.131459871309758,9.142339549354256,9.123988609417854,9.132076734608422,9.12834370114352,9.145542889766292,9.12833989094381,9.138607195707682,9.129751276397425,9.135436791518906,9.143911307010898,9.139920000141066,9.139806924684134,9.137963245339591,9.147619361980905,9.140021437363052,9.13874024874791,9.145323235073246,9.130201006516735,9.140621663875656,9.149117478398656,9.144171672857972,9.142647736702406,9.136387267734584,9.134420275986162,9.136840206952415,9.13745174942161,9.145854063447706,9.139240456528816,9.148417587147051,9.138038161611057,9.135835912307474,9.144087460337364,9.140782452171624,9.136285777566236,9.137316023387497,9.145201546195745,9.142076612632794,9.14985286837309,9.14640828520078,9.147237807163432,9.14853728962631,9.142552012022804,9.147117524128491,9.145208962922087,9.142164737330036,9.135624038688924,9.1440013977309,9.148159192373326,KFFL-OK-2010_6C,C,2010-10,temperate grassland
ERR1039473,9.305795407300106,9.28026330995378,9.293858672547646,9.273890437528726,9.285446906936368,9.297623618578523,9.292201015679218,9.260320845399203,9.292519106696108,9.296024576911806,9.357976541619324,9.35364279279603,9.337155247948466,9.34075664828242,9.333809714899306,9.35863126797835,9.326233830469231,9.335340925744914,9.345845908061534,9.355007670252611,9.35692682466739,9.37716632502115,9.3689050724637,9.342283682811765,9.363929576057227,9.377412973444851,9.371447475506711,9.394365112132444,9.383349737972605,9.379304479177485,9.403044524379537,9.392298456338478,9.38647075683931,9.380375443398275,9.413274392486953,9.39056329180665,9.381711277226586,9.393619738018666,9.372004010807098,9.387500737373838,9.4093238956812,9.41837241043591,9.417479647044493,9.402619999964555,9.412069754991418,9.38671007845871,9.42764347459658,9.425833831503422,9.4221622378197,9.4209080869104,9.419017573186368,9.403386105785296,9.423834726581148,9.40114993859184,9.400493725948134,9.42407618792326,9.430198131359544,9.411836694529123,9.40636891095602,9.438892727269325,9.427690443767764,9.422539339726708,9.428165438591586,9.427104667288097,9.42952362546836,9.427884832181665,9.429126650081272,9.426363270957587,9.433371363964056,9.416407021378008,9.436376442922755,9.43820641722254,9.432856361076423,9.430091606091056,9.442737373463352,9.430508013495952,9.434577015562104,9.4282703446655,9.44771965635005,9.426503197345658,9.44379205539424,9.454629168110165,9.44268136325996,9.434573895754866,9.456836747973847,9.451456541608293,9.434826897486449,9.448508017890465,9.4366336686043,9.448107888805747,9.44743240496394,9.438918504289376,9.446659686072229,9.432883750539933,9.446104322277195,9.447627135518893,9.45116461936304,9.443484513026574,9.4533092320752,9.436324827824215,9.445817157970376,9.452928745510722,9.44615519331756,9.45723939915353,9.444601876363151,9.443952479068749,9.438603556320595,9.452505732616457,9.454156676184782,9.45055834652996,9.437940190442315,9.454294578438422,9.45208969694892,9.449598412553906,9.444645071804896,9.449508997419755,9.446273289897569,9.46166616903167,9.446104630939384,9.443403226586234,9.448204723110765,9.451943093830335,9.45390580795291,9.451083752003823,9.4565297143655,9.45314487336612,9.449677552600749,9.452636840933696,9.456131280892311,9.450307575703452,9.45683261236579,9.455790194474991,9.44971305746611,9.455292460767575,9.457059052263446,9.459166277691684,9.451660442855848,9.455213482670372,9.45548613070866,9.45625744227007,9.458130785400254,9.45847196288666,9.457501007350428,9.457003703872257,9.45600966315757,9.456676447984806,9.45783038622482,9.455555751912556,9.458699695408972,9.456927708867292,KFFL-OK-2010_19C,C,2010-10,temperate grassland
ERR1039474,8.64032971141149,8.647287737075501,8.645790421139067,8.676664134322673,8.699993248369575,8.633810599041428,8.666056994737943,8.630842299987624,8.671925497120883,8.649761218218718,8.738009573649032,8.71121608972128,8.68204376092102,8.690201378890787,8.74423002926753,8.69502102582648,8.677479066206025,8.692395460999748,8.699281116672505,8.678172637090176,8.68597100245037,8.727646583482736,8.709312466974891,8.772607306188194,8.727650902733354,8.687091526999989,8.721989108213041,8.735283905686968,8.738401302366508,8.725071649108061,8.713013377109487,8.757058636496321,8.72403493499547,8.753036750155038,8.749128986928453,8.707675440834082,8.71434882864618,8.733609608798593,8.739764503679352,8.740950562067766,8.73122138905581,8.783719054235574,8.745795484845749,8.742363780255197,8.760258290976996,8.755670503396779,8.74432641213082,8.768448951908118,8.728523401165225,8.754034860550682,8.767747377034604,8.751217921643375,8.760440148577501,8.735981674812528,8.746065340187249,8.743687535764638,8.763134713460527,8.780447605619411,8.741996760500104,8.739827946015085,8.767264233776254,8.780024776082708,8.761722498879125,8.781369297969006,8.76746901548906,8.760362515846701,8.75822557636762,8.737622286306829,8.77498228930354,8.75680140143598,8.778160194359419,8.777980991854632,8.753139775876996,8.774763254890471,8.781708700128519,8.742449801279056,8.7695966665274,8.784000554990433,8.751777012874136,8.789757969869116,8.770446587586285,8.772859491358398,8.755567388929064,8.77046272614917,8.78594835792995,8.76750042421515,8.775215607665507,8.76516809305011,8.766614679814923,8.765595268832879,8.790026809591092,8.774845517528286,8.781735439740238,8.784469551271826,8.778850468474303,8.766666345465756,8.78535482420574,8.77536399395823,8.770541430683613,8.768518333975535,8.776915339725996,8.771984356468238,8.781756303180549,8.78210503951025,8.772133419852269,8.777525683746232,8.77308043768065,8.780354865013788,8.774517282551965,8.788649838330734,8.775961787300222,8.765855065887836,8.783303277296966,8.788027176415028,8.782681681517468,8.78489680395071,8.778042049985002,8.776491584235217,8.780166145708428,8.788335117793645,8.779909313006913,8.785561713203121,8.784850007909954,8.783674535652224,8.786971002410109,8.78293102035923,8.774516991515943,8.776714366677233,8.796071483803242,8.789298075920135,8.783194756404049,8.783911208913375,8.787506111700191,8.777227900602012,8.785181648094877,8.782624095484111,8.77892832708931,8.781951446413881,8.78420518677277,8.784248938850908,8.785881483848646,8.784815390516163,8.78686512668604,8.783062717249878,8.78904489076801,8.786881712257365,8.779854207798943,8.786272428568871,8.784822902415742,8.785968604865298,KFFL-OK-2010_23C,C,2010-10,temperate grassland
ERR1039475,9.096943978191325,9.138148391451391,9.149964855690332,9.120204710584323,9.1441693307379,9.13414232659004,9.130225458197694,9.15576785996047,9.098278208738556,9.157962676808149,9.184739870886816,9.205066733304507,9.205593097274766,9.197399476437974,9.208716207922132,9.167868800211457,9.204620411181883,9.227340868219471,9.191293605438656,9.15724379349852,9.234129803042348,9.228549444486363,9.242328707105193,9.233019328082529,9.23036168875949,9.250153258048991,9.229905078970148,9.21778947954157,9.241211086764809,9.219095678832614,9.235571157266977,9.25406972567512,9.259035441151164,9.268031068151409,9.265532426688322,9.267030649615403,9.241772846817526,9.23883358721646,9.268840364477652,9.240601744632531,9.28467123569007,9.259097732425111,9.268945708719778,9.260345466825918,9.266907529974857,9.274215511911036,9.264113006422996,9.270787628399832,9.275401609312372,9.28042990792322,9.2559908171912,9.265760163744796,9.27008280342678,9.2698610513956,9.27074030292337,9.257148918178189,9.280352284964676,9.28109898525471,9.26754958838343,9.269542651381796,9.2731823495475,9.276939756154148,9.280010724369006,9.282653651266925,9.285657516089092,9.278334468090527,9.276930011512077,9.264809037827588,9.280882290660696,9.292357326572583,9.292457372613743,9.287224830509958,9.276899668801352,9.294094373180611,9.30167146844346,9.287634267111368,9.282535080425353,9.302646922272402,9.300818240743835,9.288746593302609,9.290958049971664,9.28630393203322,9.292147736065257,9.281177869434714,9.284253446925756,9.294287728375346,9.302682069023096,9.304398517930265,9.29272768295534,9.300258348941096,9.29310739277557,9.29763417195531,9.27945920537557,9.30739325086466,9.3058563474495,9.291123512357478,9.292856224456532,9.30196006519594,9.299761612820406,9.293566442638785,9.279751341391473,9.300431187755716,9.303955065797185,9.310598589314544,9.299010915794934,9.302471325868511,9.291456819987763,9.296485150156338,9.2991954961695,9.300425512709571,9.298774725731551,9.296991854723858,9.297474264079742,9.302232536251289,9.309877258425017,9.303687463397734,9.296031498268196,9.305241812859377,9.298816110137304,9.30466649757342,9.308130918261606,9.30811323360713,9.30189680702411,9.303304805105803,9.302947694164168,9.298601318753946,9.29105183831937,9.2994883803278,9.305488884654604,9.295299868459525,9.303723521236456,9.303448927124338,9.306478567563294,9.308498414740583,9.305504333909075,9.306431988549395,9.301572474888458,9.30815144410122,9.315156715799205,9.307992315186494,9.307558575008056,9.311197512692686,9.31364928036541,9.311402234140688,9.302768840562557,9.30400481572939,9.311247435517592,9.304966990419988,9.309051424782822,9.304749853892314,KFFL-OK-2010_1H,H,2010-10,temperate grassland
ERR1039476,9.300918163576773,9.322117355556518,9.299033951503365,9.28935173113809,9.293876058015028,9.316236800981304,9.315028754065402,9.294120788682411,9.31990277718151,9.303735485210323,9.377485290043936,9.373036462043178,9.346097735471558,9.36233779364595,9.392947554695436,9.356594699326283,9.379058678568605,9.37545294570387,9.358588325147023,9.36787747358273,9.40727507761232,9.410677439982422,9.418842832641316,9.417666218399884,9.388362322395183,9.415283683654948,9.38336089193642,9.43711843712286,9.41318362336535,9.419419315512451,9.430193297876404,9.428833006891336,9.443103264482728,9.412809615108795,9.424883685077509,9.418257555404466,9.416462205024889,9.426937976633967,9.40489120790948,9.436862431862812,9.444806215370486,9.461399438493563,9.424112135674465,9.4496268470821,9.437788395897307,9.417270128354351,9.435764256981516,9.44522565316286,9.421884437655669,9.422191417661832,9.436665043468812,9.444298920603543,9.442958337685928,9.4461219614748,9.45913343028851,9.449145153651545,9.44856919324619,9.44924108660512,9.437379325859585,9.444372461685512,9.43765696608167,9.4494253335667,9.46259980235282,9.446205398023356,9.446610352831204,9.461008363799468,9.456107261281987,9.458665331532384,9.433397516417113,9.44663156589496,9.463308538859286,9.462805717068496,9.464644134946916,9.458788136098203,9.467386460900377,9.444531390327493,9.45604698647313,9.461033706364164,9.457772999679104,9.452254776947672,9.456291867181212,9.467616919652466,9.46738994934076,9.46762850008698,9.468826443683664,9.477289566983558,9.458884587540105,9.465279298724852,9.469124841198836,9.459457849899865,9.454732943455912,9.467783346123127,9.468342240410946,9.4725528392956,9.46485970561434,9.475203062861413,9.470899567295469,9.466800641943273,9.467393803411255,9.473807574266107,9.468799338815687,9.476695558371944,9.467928532136806,9.4671625800262,9.477273437218852,9.46980523714203,9.480451824637006,9.468639011732616,9.472344909224956,9.467192256089492,9.46474130597574,9.470303902945044,9.469438733070945,9.46812712132378,9.467771699641473,9.474375570762504,9.478480943257622,9.47882622118887,9.47711671687026,9.476875031480242,9.481259041532592,9.477548033379453,9.47071923062632,9.479832555323483,9.474739523212335,9.483033585539207,9.477484032744073,9.475317256612234,9.476790981853153,9.47575871029004,9.477160096821809,9.477903010771309,9.476843398837245,9.4781088669185,9.4759817454095,9.483193070308635,9.470656766264176,9.477010821491389,9.478095356679964,9.477727741714356,9.48024311099265,9.479632863789313,9.482250024666962,9.48103049465256,9.478904423511716,9.476439318650508,9.479123195615957,9.48027689866883,9.483283782188042,9.480448430206016,KFFL-OK-2010_10H,H,2010-10,temperate grassland
ERR1039477,9.214194419024878,9.267933451494804,9.253983766624374,9.248047057975356,9.286637225282764,9.261698520609448,9.24765550954734,9.305354245947374,9.256722083547922,9.276048057127,9.33222490041084,9.300431907653218,9.322906131066397,9.33402613214221,9.329009226020284,9.340755731726112,9.343251482338935,9.32918205814755,9.319058814116184,9.321148335163535,9.328891427158714,9.359174761561205,9.342695660623171,9.368278409086994,9.372925137052938,9.367483106694248,9.3507109571207,9.334313210346126,9.364352662094277,9.316772690238125,9.360852815747691,9.386260599587514,9.358276587168303,9.366477648083988,9.3746852985117,9.39045953047038,9.35376253582506,9.368847803797255,9.359275633023271,9.362267271344685,9.403716938235863,9.41147652579339,9.398349330688902,9.378109746670518,9.39322845766782,9.434211855191547,9.37532116043158,9.406929216026432,9.432007809533596,9.39985266961096,9.406065157468168,9.399649246326018,9.401559962455115,9.408921179903569,9.391782944418102,9.379167946711084,9.382317974794672,9.40089109151159,9.39445068944176,9.407456081593798,9.4004732124957,9.420700102260591,9.414942199253566,9.403646345310994,9.418566770535362,9.408816767059449,9.413301855529948,9.416455819750997,9.408713316398687,9.41396853922221,9.422605302329686,9.436101917286829,9.422312337781518,9.418667145439288,9.419467217074198,9.408925568873308,9.414986211513954,9.411402414294088,9.42145502370412,9.411248423996078,9.408167995511848,9.417861875900767,9.408481843519866,9.415902727831051,9.421447470330566,9.415414720548142,9.418715584084534,9.424904606782938,9.418990508728312,9.411233181810603,9.42462288288064,9.41887673728094,9.424833368090416,9.427345908635989,9.420950144148778,9.425270752636196,9.418358671213811,9.422493940369344,9.423299484228378,9.423802112478391,9.42716495006358,9.42598190724744,9.422175513711265,9.433821561424384,9.422969203441268,9.433886017140146,9.427028750849704,9.425869955142996,9.421030559683455,9.419567881471975,9.429113459416294,9.426057303858,9.430190882075465,9.415643786023296,9.42837992858078,9.426083930801452,9.426673434424297,9.42224774256129,9.423226586595714,9.424650575181904,9.430488025351004,9.4221532520834,9.43238459070634,9.426879961302046,9.431524733033354,9.430878129983842,9.424906254144371,9.423285475837194,9.425680470395084,9.43794665522094,9.43584250480306,9.433482838928354,9.42994631879914,9.434440020372444,9.433142703145368,9.428906645363574,9.433637851377414,9.423835658475054,9.432556692807664,9.428230864443243,9.428466180210744,9.436165060588458,9.433012622422105,9.433828840088117,9.436310464620686,9.429615228875113,9.431559625482643,9.431014925651615,9.43314422818898,9.437711853063153,KFFL-OK-2010_16H,H,2010-10,temperate grassland
