cell_id	scenario	condition	n_reps	tested_n_mean	fpr_taxon_default	mean_fp_default	fwer_default	mean_fdp_default	fdr_mc_se_default	power_itt_default	power_cot_default	fpr_taxon_robust	mean_fp_robust	fwer_robust	mean_fdp_robust	fdr_mc_se_robust	power_itt_robust	power_cot_robust	n_det_total_default	n_det_total_robust	ss_survival_of_detections
null_r1	null	rarefied	150	299.46	0.143057503506311	42.84	1	1	0	NA	NA	0.0715064894588036	21.4133333333333	1	1	0	NA	NA	6426	3212	0.499844382197323
null_r1	null	raw	150	299.46	0.111088848816759	33.2666666666667	1	1	0	NA	NA	0.062512522540573	18.72	1	1	0	NA	NA	4990	2808	0.562725450901804
null_r10	null	rarefied	150	299.82	0.138416383163231	41.5	1	1	0	NA	NA	0.0664843350454717	19.9333333333333	1	1	0	NA	NA	6225	2990	0.480321285140562
null_r10	null	raw	150	299.82	0.0665065706090321	19.94	0.993333333333333	0.993333333333333	0.00666666666666666	NA	NA	0.0105396571276099	3.16	0.766666666666667	0.766666666666667	0.0346496258237241	NA	NA	2991	474	0.158475426278837
null_r100	null	rarefied	150	299.96	0.140552073609815	42.16	1	1	0	NA	NA	0.0694314797528559	20.8266666666667	1	1	0	NA	NA	6324	3124	0.493991144845035
null_r100	null	raw	150	299.96	0.0396497310752545	11.8933333333333	0.926666666666667	0.926666666666667	0.0213559723277619	NA	NA	0.00275592301195715	0.826666666666667	0.373333333333333	0.373333333333333	0.0396253897620664	NA	NA	1784	124	0.0695067264573991
null_r100_d2500	null	rarefied	100	299.77	0.20392300763919	61.13	1	1	0	NA	NA	0.0738899823197785	22.15	1	1	0	NA	NA	6113	2215	0.362342548666776
null_r100_d2500	null	raw	100	299.77	0.0825299396203756	24.74	1	1	0	NA	NA	0.00256863595423158	0.77	0.56	0.56	0.0498887651569859	NA	NA	2474	77	0.0311236863379143
null_r100_d40000	null	rarefied	100	299.98	0.0726048403226882	21.78	1	1	0	NA	NA	0.0450696713114208	13.52	0.98	0.98	0.014070529413629	NA	NA	2178	1352	0.620752984389348
null_r100_d40000	null	raw	100	299.98	0.0164010934062271	4.92	0.81	0.81	0.0394277244403662	NA	NA	0.00153343556237082	0.46	0.23	0.23	0.042295258468165	NA	NA	492	46	0.0934959349593496
null_r100_n10	null	rarefied	100	299.73	0.0332632702765823	9.97	0.9	0.9	0.0301511344577763	NA	NA	0.0125112601341207	3.75	0.64	0.64	0.0482418151324422	NA	NA	997	375	0.376128385155466
null_r100_n10	null	raw	100	299.73	0.0115437226837487	3.46	0.67	0.67	0.0472581562625261	NA	NA	0.00136789777466386	0.41	0.2	0.2	0.0402015126103684	NA	NA	346	41	0.11849710982659
null_r100_n50	null	rarefied	100	300	0.1575	47.25	1	1	0	NA	NA	0.0885	26.55	1	1	0	NA	NA	4725	2655	0.561904761904762
null_r100_n50	null	raw	100	300	0.0835	25.05	1	1	0	NA	NA	0.00296666666666667	0.89	0.32	0.32	0.046882617226215	NA	NA	2505	89	0.0355289421157685
null_r100_th15	null	rarefied	100	286.52	0.3542859137233	101.51	1	1	0	NA	NA	0.12459863185816	35.7	1	1	0	NA	NA	10151	3570	0.351689488720323
null_r100_th15	null	raw	100	286.52	0.352924752198799	101.12	1	1	0	NA	NA	0.0524221694820606	15.02	1	1	0	NA	NA	10112	1502	0.148536392405063
null_r100_th200	null	rarefied	100	300	0.000966666666666667	0.29	0.21	0.21	0.0409360180740333	NA	NA	7e-04	0.21	0.17	0.17	0.0377525168068637	NA	NA	29	21	0.724137931034483
null_r100_th200	null	raw	100	300	0.0149333333333333	4.48	0.8	0.8	0.0402015126103685	NA	NA	0.00606666666666667	1.82	0.59	0.59	0.049431107042371	NA	NA	448	182	0.40625
spike_r100_f15	spike	rarefied	100	299.99	0.13670876699137	36.91	1	0.893755685846261	0.00441179662866912	0.146666666666667	0.146666666666667	0.070039631097448	18.91	1	0.899662428255512	0.00773200892550762	0.067	0.067	4131	2092	0.50641491164367
spike_r100_f15	spike	raw	100	299.99	0.0449646283195674	12.14	0.99	0.875416276129985	0.0133482182234214	0.0513333333333333	0.0513333333333333	0.00262972702692692	0.71	0.44	0.409547619047619	0.0474749924828215	0.004	0.004	1368	83	0.060672514619883
spike_r100_f3	spike	rarefied	150	299.96	0.144730343737653	39.0733333333333	1	0.841738926966617	0.00441140764096407	0.240222222222222	0.240329501915709	0.0756864875543264	20.4333333333333	1	0.840562082407636	0.00760251803421951	0.124444444444444	0.12448275862069	6942	3625	0.522183808700663
spike_r100_f3	spike	raw	150	299.96	0.0473627024891347	12.7866666666667	0.98	0.813116533387846	0.0129391953445204	0.0835555555555555	0.0836091954022989	0.00345713156854998	0.933333333333333	0.46	0.447103174603175	0.0400804674155723	0.00266666666666667	0.00266666666666667	2294	152	0.0662598081952921
spike_r100_f3_d2500	spike	rarefied	100	299.8	0.208219076558215	56.19	1	0.850736059055701	0.00398691425190416	0.328	0.328724137931034	0.0752983028236864	20.32	1	0.841978668844753	0.00798397242237745	0.123333333333333	0.123655172413793	6603	2402	0.363774042102075
spike_r100_f3_d2500	spike	raw	100	299.8	0.0894908471059068	24.15	1	0.847620434766885	0.006772603940819	0.146333333333333	0.146574712643678	0.00311272511672719	0.84	0.52	0.487916666666667	0.048491175999677	0.004	0.00401149425287356	2854	96	0.0336370007007709
spike_r100_f3_d40000	spike	rarefied	100	299.98	0.0806326160228157	21.77	1	0.828375904240625	0.00724553169015713	0.146333333333333	0.146379310344828	0.0509648505500204	13.76	1	0.818710738127115	0.0100671954739848	0.0966666666666667	0.0967011494252873	2616	1666	0.636850152905199
spike_r100_f3_d40000	spike	raw	100	299.98	0.0186673580502982	5.04	0.82	0.658202976453809	0.0348837795983847	0.042	0.0420114942528736	0.00148153635319827	0.4	0.25	0.233888888888889	0.0415236603141032	0.00233333333333333	0.00233333333333333	630	47	0.0746031746031746
spike_r100_f3_da20	spike	rarefied	100	299.94	0.151922996791533	36.46	1	0.699925402483915	0.00716423531148225	0.249833333333333	0.250050847457627	0.0807950331263803	19.39	1	0.69719244547743	0.00988618263197455	0.133666666666667	0.133802259887006	5145	2741	0.532750242954325
spike_r100_f3_da20	spike	raw	100	299.94	0.0499187466144423	11.98	1	0.669255260117725	0.0121488260173669	0.0943333333333333	0.0944435028248587	0.0033334722280095	0.8	0.45	0.390583333333333	0.0453760714998412	0.00433333333333333	0.0043361581920904	1764	106	0.0600907029478458
spike_r100_f3_da5	spike	rarefied	100	299.92	0.137928614045555	39.3	1	0.918815719746243	0.00460292919833597	0.224666666666667	0.224761904761905	0.0649633243252729	18.51	1	0.916110976753882	0.00629932243346646	0.112	0.112	4267	2019	0.473166158893836
spike_r100_f3_da5	spike	raw	100	299.92	0.045414663250623	12.94	0.96	0.862892495652139	0.0199261207350404	0.092	0.092047619047619	0.00249184010107746	0.71	0.41	0.41	0.049431107042371	0.002	0.002	1432	74	0.0516759776536313
spike_r100_f5	spike	rarefied	100	299.94	0.162283301229812	43.81	1	0.80293107330233	0.00547928218531543	0.344333333333333	0.344494252873563	0.0812342569269521	21.93	1	0.791980971303985	0.00868106403727887	0.173666666666667	0.173701149425287	5414	2714	0.501292944218692
spike_r100_f5	spike	raw	100	299.94	0.053267150688991	14.38	0.97	0.741117647941164	0.0159280723129707	0.14	0.140091954022989	0.00492665580085939	1.33	0.49	0.470619047619048	0.0488430851661904	0.00333333333333333	0.0033448275862069	1858	143	0.0769644779332616
spike_r10_f3	spike	rarefied	150	299.826666666667	0.143760654198681	38.7933333333333	1	0.84480815745281	0.00445450434658366	0.229777777777778	0.229908045977011	0.0705585888282234	19.04	1	0.836961077744598	0.00649356309705756	0.116888888888889	0.116950191570881	6853	3382	0.493506493506494
spike_r10_f3	spike	raw	150	299.826666666667	0.0690762655335129	18.64	0.993333333333333	0.822542785623137	0.00927684764936418	0.124444444444444	0.124505747126437	0.0135632581466018	3.66	0.84	0.745544749912397	0.0292173305593455	0.0188888888888889	0.018904214559387	3356	634	0.188915375446961
spike_r1_f3	spike	rarefied	150	299.493333333333	0.151831424826256	40.9266666666667	1	0.84398195467575	0.00416521662707383	0.250444444444444	0.250973180076628	0.0765711176514233	20.64	1	0.833538443291869	0.00648240455568371	0.132222222222222	0.132536398467433	7266	3691	0.507982383704927
spike_r1_f3	spike	raw	150	299.493333333333	0.110775851408503	29.86	1	0.841119436872621	0.00448424213841474	0.184666666666667	0.185011494252874	0.0604704078351841	16.3	1	0.837788983799068	0.00824247653363118	0.104444444444444	0.104659003831418	5310	2915	0.548964218455744
